{
  "app/hdk/htc/lib1/home": 11.857712030410767, 
  "app/hdk/htc/lib2/htcconfiguration": 9.286536931991577, 
  "app/hdk/htc/lib1/frisbee": 5.9147350788116455, 
  "app/hdk/htc/lib1/htctheme": 3.7538421154022217, 
  "app/hdk/htc/lib2/htclocationservicessettingmodule": 1.9289190769195557, 
  "app/hdk/htc/lib1/hfmclient": 14.806159973144531, 
  "app/hdk/htc/lib0/hdkutil": 1.1434290409088135, 
  "app/hdk/htc/lib1/feedservice": 6.747376918792725, 
  "app/hdk/htc/lib2/opensense": 16.514879941940308, 
  "app/hdk/htc/lib1/weatherlib1": 39.810551166534424, 
  "app/hdk/htc/lib1/htcaccount": 36.40897989273071, 
  "app/hdk/htc/lib1/htctestframework": 5.722660064697266, 
  "app/hdk/htc/lib1/htcsetasringtone": 11.745462894439697, 
  "app/hdk/htc/lib1/htcstoragehelper": 8.51005506515503, 
  "app/hdk/htc/lib1/media": 3.970582962036133, 
  "app/hdk/htc/lib2/htcactiveservice": 12.201870918273926, 
  "app/hdk/htc/lib1/devicemanagement": 14.061389923095703, 
  "app/hdk/htc/lib1/lockscreenlib1": 11.052234888076782, 
  "app/hdk/htc/lib1/exoplayer": 10.911253929138184, 
  "app/hdk/htc/lib1/htcmp4parser": 6.7254040241241455, 
  "app/hdk/htc/lib2/photoplatformcachemanager": 2.9647698402404785, 
  "app/hdk/htc/lib2/weatherlib2": 4.974226951599121, 
  "app/hdk/htc/lib1/panoviewer": 30.56181812286377, 
  "app/hdk/htc/lib1/htcupmanager": 7.22809910774231, 
  "app/hdk/htc/lib2/htcupserviceclient": 8.127182006835938, 
  "app/hdk/htc/lib1/gifmodule": 15.515163898468018, 
  "app/hdk/htc/lib1/exifengine": 14.556992053985596, 
  "app/hdk/htc/lib1/htccalendarframwork": 12.043070077896118, 
  "app/hdk/htc/lib1/htcvideoeditorlib": 24.74598503112793, 
  "app/hdk/htc/lib2/lockscreenlib2": 8.042544841766357, 
  "app/hdk/htc/lib1/providersettings": 7.693384170532227, 
  "app/hdk/htc/lib0/htclib0": 13.634716987609863, 
  "app/hdk/htc/lib1/htccrypto": 17.930668115615845, 
  "app/hdk/htc/lib1/videohighlights": 11.127660036087036, 
  "app/hdk/htc/lib1/htclocationservicessettingmanager": 4.6492791175842285, 
  "app/hdk/htc/lib1/mediamanager": 12.719191074371338, 
  "app/hdk/htc/lib0/htcdebugflag": 3.952877998352051, 
  "app/hdk/htc/lib1/masthead": 17.95095705986023, 
  "app/hdk/htc/lib2/htclib2": 7.312839031219482, 
  "app/hdk/htc/lib0/customization": 1.9197759628295898, 
  "app/hdk/htc/lib1/htcpushnotificationservice": 33.03011679649353, 
  "app/hdk/htc/lib1/htceaspim": 8.908021926879883, 
  "app/hdk/htc/lib0/media": 6.197964906692505, 
  "app/hdk/htc/lib1/htclib1": 5.831809997558594, 
  "app/hdk/htc/lib1/useragree": 3.7647788524627686, 
  "app/hdk/htc/lib1/htczero": 11.105484008789062, 
  "app/hdk/htc/lib1/phonecontacts": 9.5833580493927, 
  "app/hdk/htc/lib1/htccommoncontrol": 42.31653809547424
}